latitud,longitud,pot,usuario,fecha,test_name,observacion,operador,rssi,marca,imsi,modelo
-17.356659,-66.199807,-82,andres,2021-06-28 10:18:06.763000,Prueba Colcapirhua,En automovil,Viva,11,ZTE CORPORATION,736010912233332,MF193A
-17.356736,-66.199412,-81,andres,2021-06-28 10:17:57.747000,Prueba Colcapirhua,En automovil,Viva,12,ZTE CORPORATION,736010912233332,MF193A
-17.356845,-66.198925,-80,andres,2021-06-28 10:17:48.748000,Prueba Colcapirhua,En automovil,Viva,14,ZTE CORPORATION,736010912233332,MF193A
-17.356959,-66.19849,-70,andres,2021-06-28 10:17:39.740000,Prueba Colcapirhua,En automovil,Viva,16,ZTE CORPORATION,736010912233332,MF193A
-17.357409,-66.198301,-75,andres,2021-06-28 10:17:24.738000,Prueba Colcapirhua,En automovil,Viva,15,ZTE CORPORATION,736010912233332,MF193A
-17.357812,-66.198454,-81,andres,2021-06-28 10:17:15.761000,Prueba Colcapirhua,En automovil,Viva,12,ZTE CORPORATION,736010912233332,MF193A
-17.35854,-66.19868,-77,andres,2021-06-28 10:17:06.729000,Prueba Colcapirhua,En automovil,Viva,17,ZTE CORPORATION,736010912233332,MF193A
-17.359078,-66.198862,-75,andres,2021-06-28 10:16:57.728000,Prueba Colcapirhua,En automovil,Viva,18,ZTE CORPORATION,736010912233332,MF193A
-17.359536,-66.199038,-79,andres,2021-06-28 10:16:46.723000,Prueba Colcapirhua,En automovil,Viva,15,ZTE CORPORATION,736010912233332,MF193A
-17.360199,-66.199256,-79,andres,2021-06-28 10:16:37.715000,Prueba Colcapirhua,En automovil,Viva,17,ZTE CORPORATION,736010912233332,MF193A
-17.360541,-66.198759,-69,andres,2021-06-28 10:16:27.711000,Prueba Colcapirhua,En automovil,Viva,16,ZTE CORPORATION,736010912233332,MF193A
-17.360841,-66.198233,-68,andres,2021-06-28 10:16:18.704000,Prueba Colcapirhua,En automovil,Viva,18,ZTE CORPORATION,736010912233332,MF193A
-17.361138,-66.197661,-71,andres,2021-06-28 10:16:08.700000,Prueba Colcapirhua,En automovil,Viva,19,ZTE CORPORATION,736010912233332,MF193A
-17.361433,-66.197107,-71,andres,2021-06-28 10:15:56.697000,Prueba Colcapirhua,En automovil,Viva,21,ZTE CORPORATION,736010912233332,MF193A
-17.362223,-66.197238,-60,andres,2021-06-28 10:15:42.694000,Prueba Colcapirhua,En automovil,Viva,24,ZTE CORPORATION,736010912233332,MF193A
-17.364151,-66.197917,-68,andres,2021-06-28 10:15:23.692000,Prueba Colcapirhua,En automovil,Viva,20,ZTE CORPORATION,736010912233332,MF193A
-17.365094,-66.198242,-67,andres,2021-06-28 10:15:05.687000,Prueba Colcapirhua,En automovil,Viva,20,ZTE CORPORATION,736010912233332,MF193A
-17.36611,-66.198558,-65,andres,2021-06-28 10:14:54.693000,Prueba Colcapirhua,En automovil,Viva,20,ZTE CORPORATION,736010912233332,MF193A
-17.366801,-66.198751,-68,andres,2021-06-28 10:14:42.708000,Prueba Colcapirhua,En automovil,Viva,17,ZTE CORPORATION,736010912233332,MF193A
-17.366878,-66.198572,-73,andres,2021-06-28 10:14:27.383000,Prueba Colcapirhua,En automovil,Viva,17,ZTE CORPORATION,736010912233332,MF193A
-17.36706,-66.197863,-78,andres,2021-06-28 10:14:09.677000,Prueba Colcapirhua,En automovil,Viva,19,ZTE CORPORATION,736010912233332,MF193A
-17.367292,-66.196647,-69,andres,2021-06-28 10:13:56.675000,Prueba Colcapirhua,En automovil,Viva,21,ZTE CORPORATION,736010912233332,MF193A
-17.367452,-66.196136,-67,andres,2021-06-28 10:13:46.667000,Prueba Colcapirhua,En automovil,Viva,22,ZTE CORPORATION,736010912233332,MF193A
-17.368008,-66.196352,-67,andres,2021-06-28 10:13:32.673000,Prueba Colcapirhua,En automovil,Viva,23,ZTE CORPORATION,736010912233332,MF193A
-17.368652,-66.196554,-66,andres,2021-06-28 10:13:21.665000,Prueba Colcapirhua,En automovil,Viva,20,ZTE CORPORATION,736010912233332,MF193A
-17.368931,-66.19665,-66,andres,2021-06-28 10:13:11.664000,Prueba Colcapirhua,En automovil,Viva,20,ZTE CORPORATION,736010912233332,MF193A
-17.369233,-66.196753,-68,andres,2021-06-28 10:12:59.665000,Prueba Colcapirhua,En automovil,Viva,19,ZTE CORPORATION,736010912233332,MF193A
-17.370198,-66.197091,-75,andres,2021-06-28 10:12:46.654000,Prueba Colcapirhua,En automovil,Viva,19,ZTE CORPORATION,736010912233332,MF193A
-17.370697,-66.197277,-72,andres,2021-06-28 10:12:37.657000,Prueba Colcapirhua,En automovil,Viva,18,ZTE CORPORATION,736010912233332,MF193A
-17.371249,-66.197467,-69,andres,2021-06-28 10:12:28.666000,Prueba Colcapirhua,En automovil,Viva,18,ZTE CORPORATION,736010912233332,MF193A
-17.372029,-66.197786,-76,andres,2021-06-28 10:12:18.652000,Prueba Colcapirhua,En automovil,Viva,18,ZTE CORPORATION,736010912233332,MF193A
-17.372761,-66.198162,-72,andres,2021-06-28 10:12:09.655000,Prueba Colcapirhua,En automovil,Viva,20,ZTE CORPORATION,736010912233332,MF193A
-17.373373,-66.19849,-69,andres,2021-06-28 10:12:00.656000,Prueba Colcapirhua,En automovil,Viva,16,ZTE CORPORATION,736010912233332,MF193A
-17.373812,-66.19874,-70,andres,2021-06-28 10:11:51.651000,Prueba Colcapirhua,En automovil,Viva,19,ZTE CORPORATION,736010912233332,MF193A
-17.374079,-66.198916,-66,andres,2021-06-28 10:11:40.645000,Prueba Colcapirhua,En automovil,Viva,16,ZTE CORPORATION,736010912233332,MF193A
-17.373984,-66.199178,-73,andres,2021-06-28 10:11:31.679000,Prueba Colcapirhua,En automovil,Viva,15,ZTE CORPORATION,736010912233332,MF193A
-17.373626,-66.199912,-77,andres,2021-06-28 10:11:22.647000,Prueba Colcapirhua,En automovil,Viva,16,ZTE CORPORATION,736010912233332,MF193A
-17.373317,-66.200452,-81,andres,2021-06-28 10:11:13.649000,Prueba Colcapirhua,En automovil,Viva,16,ZTE CORPORATION,736010912233332,MF193A
-17.373195,-66.200714,-74,andres,2021-06-28 10:11:04.653000,Prueba Colcapirhua,En automovil,Viva,14,ZTE CORPORATION,736010912233332,MF193A
-17.373045,-66.201049,-80,andres,2021-06-28 10:10:55.647000,Prueba Colcapirhua,En automovil,Viva,17,ZTE CORPORATION,736010912233332,MF193A
-17.372707,-66.201643,-71,andres,2021-06-28 10:10:44.647000,Prueba Colcapirhua,En automovil,Viva,17,ZTE CORPORATION,736010912233332,MF193A
-17.371349,-66.204581,-54,andres,2021-06-28 10:10:08.680000,Prueba Colcapirhua,En automovil,Viva,23,ZTE CORPORATION,736010912233332,MF193A
-17.371005,-66.205337,-57,andres,2021-06-28 10:09:59.666000,Prueba Colcapirhua,En automovil,Viva,24,ZTE CORPORATION,736010912233332,MF193A
-17.370545,-66.206235,-66,andres,2021-06-28 10:09:50.615000,Prueba Colcapirhua,En automovil,Viva,25,ZTE CORPORATION,736010912233332,MF193A
-17.370306,-66.206783,-56,andres,2021-06-28 10:09:38.400000,Prueba Colcapirhua,En automovil,Viva,24,ZTE CORPORATION,736010912233332,MF193A
-17.370105,-66.207184,-61,andres,2021-06-28 10:09:29.406000,Prueba Colcapirhua,En automovil,Viva,26,ZTE CORPORATION,736010912233332,MF193A
-17.370701,-66.207344,-66,andres,2021-06-28 10:09:14.405000,Prueba Colcapirhua,En automovil,Viva,26,ZTE CORPORATION,736010912233332,MF193A
-17.371279,-66.207373,-58,andres,2021-06-28 10:09:01.417000,Prueba Colcapirhua,En automovil,Viva,22,ZTE CORPORATION,736010912233332,MF193A
-17.371806,-66.20737,-64,andres,2021-06-28 10:08:50.421000,Prueba Colcapirhua,En automovil,Viva,21,ZTE CORPORATION,736010912233332,MF193A
-17.372293,-66.207365,-58,andres,2021-06-28 10:08:41.427000,Prueba Colcapirhua,En automovil,Viva,22,ZTE CORPORATION,736010912233332,MF193A
-17.37314,-66.207382,-67,andres,2021-06-28 10:08:27.124000,Prueba Colcapirhua,En automovil,Viva,22,ZTE CORPORATION,736010912233332,MF193A
-17.373915,-66.207387,-64,andres,2021-06-28 10:07:59.450000,Prueba Colcapirhua,En automovil,Viva,20,ZTE CORPORATION,736010912233332,MF193A
-17.374593,-66.207409,-61,andres,2021-06-28 10:07:44.456000,Prueba Colcapirhua,En automovil,Viva,22,ZTE CORPORATION,736010912233332,MF193A
-17.37513,-66.207414,-73,andres,2021-06-28 10:07:33.471000,Prueba Colcapirhua,En automovil,Viva,16,ZTE CORPORATION,736010912233332,MF193A
-17.375545,-66.20741,-73,andres,2021-06-28 10:07:24.467000,Prueba Colcapirhua,En automovil,Viva,16,ZTE CORPORATION,736010912233332,MF193A
-17.376015,-66.207411,-81,andres,2021-06-28 10:07:14.476000,Prueba Colcapirhua,En automovil,Viva,14,ZTE CORPORATION,736010912233332,MF193A
-17.376429,-66.207436,-66,andres,2021-06-28 10:07:04.470000,Prueba Colcapirhua,En automovil,Viva,17,ZTE CORPORATION,736010912233332,MF193A
-17.376886,-66.20744,-73,andres,2021-06-28 10:06:55.484000,Prueba Colcapirhua,En automovil,Viva,12,ZTE CORPORATION,736010912233332,MF193A
-17.377656,-66.207455,-75,andres,2021-06-28 10:06:44.036000,Prueba Colcapirhua,En automovil,Viva,17,ZTE CORPORATION,736010912233332,MF193A
-17.378312,-66.207428,-72,andres,2021-06-28 10:06:27.177000,Prueba Colcapirhua,En automovil,Viva,22,ZTE CORPORATION,736010912233332,MF193A
-17.378675,-66.207424,-66,andres,2021-06-28 10:06:16.501000,Prueba Colcapirhua,En automovil,Viva,20,ZTE CORPORATION,736010912233332,MF193A
-17.379036,-66.207427,-67,andres,2021-06-28 10:06:04.512000,Prueba Colcapirhua,En automovil,Viva,12,ZTE CORPORATION,736010912233332,MF193A
-17.37934,-66.207446,-73,andres,2021-06-28 10:05:53.516000,Prueba Colcapirhua,En automovil,Viva,18,ZTE CORPORATION,736010912233332,MF193A
-17.379671,-66.207458,-69,andres,2021-06-28 10:05:42.522000,Prueba Colcapirhua,En automovil,Viva,18,ZTE CORPORATION,736010912233332,MF193A
-17.3803,-66.207631,-74,andres,2021-06-28 10:05:27.531000,Prueba Colcapirhua,En automovil,Viva,16,ZTE CORPORATION,736010912233332,MF193A
-17.380778,-66.20779,-80,andres,2021-06-28 10:05:17.534000,Prueba Colcapirhua,En automovil,Viva,12,ZTE CORPORATION,736010912233332,MF193A
-17.381349,-66.207964,-78,andres,2021-06-28 10:05:06.550000,Prueba Colcapirhua,En automovil,Viva,15,ZTE CORPORATION,736010912233332,MF193A
-17.381982,-66.208125,-75,andres,2021-06-28 10:04:55.545000,Prueba Colcapirhua,En automovil,Viva,15,ZTE CORPORATION,736010912233332,MF193A
-17.382995,-66.2079,-74,andres,2021-06-28 10:04:44.558000,Prueba Colcapirhua,En automovil,Viva,17,ZTE CORPORATION,736010912233332,MF193A
-17.383897,-66.207898,-71,andres,2021-06-28 10:04:35.558000,Prueba Colcapirhua,En automovil,Viva,17,ZTE CORPORATION,736010912233332,MF193A
-17.384548,-66.207858,-75,andres,2021-06-28 10:04:24.566000,Prueba Colcapirhua,En automovil,Viva,13,ZTE CORPORATION,736010912233332,MF193A
-17.384551,-66.207859,-78,andres,2021-06-28 10:04:15.569000,Prueba Colcapirhua,En automovil,Viva,12,ZTE CORPORATION,736010912233332,MF193A
-17.384565,-66.20786,-78,andres,2021-06-28 10:04:02.575000,Prueba Colcapirhua,En automovil,Viva,14,ZTE CORPORATION,736010912233332,MF193A
-17.384846,-66.207865,-80,andres,2021-06-28 10:03:53.580000,Prueba Colcapirhua,En automovil,Viva,14,ZTE CORPORATION,736010912233332,MF193A
-17.387189,-66.207884,-81,andres,2021-06-28 10:03:42.122000,Prueba Colcapirhua,En automovil,Viva,14,ZTE CORPORATION,736010912233332,MF193A
-17.388684,-66.207909,-64,andres,2021-06-28 10:03:27.268000,Prueba Colcapirhua,En automovil,Viva,22,ZTE CORPORATION,736010912233332,MF193A
-17.389719,-66.207951,-61,andres,2021-06-28 10:03:17.605000,Prueba Colcapirhua,En automovil,Viva,22,ZTE CORPORATION,736010912233332,MF193A
-17.390145,-66.207971,-48,andres,2021-06-28 10:03:03.613000,Prueba Colcapirhua,En automovil,Viva,26,ZTE CORPORATION,736010912233332,MF193A
-17.390612,-66.207991,-72,andres,2021-06-28 10:02:51.629000,Prueba Colcapirhua,En automovil,Viva,20,ZTE CORPORATION,736010912233332,MF193A
-17.391336,-66.20805,-69,andres,2021-06-28 10:02:39.641000,Prueba Colcapirhua,En automovil,Viva,20,ZTE CORPORATION,736010912233332,MF193A
-17.392135,-66.208108,-55,andres,2021-06-28 10:02:28.648000,Prueba Colcapirhua,En automovil,Viva,23,ZTE CORPORATION,736010912233332,MF193A
-17.392283,-66.208304,-65,andres,2021-06-28 10:01:55.685000,Prueba Colcapirhua,En automovil,Viva,22,ZTE CORPORATION,736010912233332,MF193A
-17.392277,-66.208559,-71,andres,2021-06-28 10:01:40.732000,Prueba Colcapirhua,En automovil,Viva,18,ZTE CORPORATION,736010912233332,MF193A
-17.392246,-66.20951,-72,andres,2021-06-28 10:01:27.802000,Prueba Colcapirhua,En automovil,Viva,19,ZTE CORPORATION,736010912233332,MF193A
-17.392174,-66.211265,-74,andres,2021-06-28 10:01:18.808000,Prueba Colcapirhua,En automovil,Viva,13,ZTE CORPORATION,736010912233332,MF193A
-17.392101,-66.213015,-69,andres,2021-06-28 10:01:10.800000,Prueba Colcapirhua,En automovil,Viva,12,ZTE CORPORATION,736010912233332,MF193A
-17.392004,-66.215177,-73,andres,2021-06-28 10:01:00.805000,Prueba Colcapirhua,En automovil,Viva,17,ZTE CORPORATION,736010912233332,MF193A
-17.39187,-66.218282,-70,andres,2021-06-28 10:00:50.343000,Prueba Colcapirhua,En automovil,Viva,14,ZTE CORPORATION,736010912233332,MF193A
-17.391812,-66.219724,-63,andres,2021-06-28 10:00:20.786000,Prueba Colcapirhua,En automovil,Viva,20,ZTE CORPORATION,736010912233332,MF193A
-17.39181,-66.219722,-70,andres,2021-06-28 10:00:11.783000,Prueba Colcapirhua,En automovil,Viva,18,ZTE CORPORATION,736010912233332,MF193A
-17.391803,-66.219732,-73,andres,2021-06-28 10:00:00.781000,Prueba Colcapirhua,En automovil,Viva,15,ZTE CORPORATION,736010912233332,MF193A
-17.39179,-66.219872,-61,andres,2021-06-28 09:59:51.773000,Prueba Colcapirhua,En automovil,Viva,19,ZTE CORPORATION,736010912233332,MF193A
-17.391759,-66.220554,-70,andres,2021-06-28 09:59:42.771000,Prueba Colcapirhua,En automovil,Viva,20,ZTE CORPORATION,736010912233332,MF193A
-17.391696,-66.221744,-63,andres,2021-06-28 09:59:31.762000,Prueba Colcapirhua,En automovil,Viva,26,ZTE CORPORATION,736010912233332,MF193A
-17.391629,-66.223312,-56,andres,2021-06-28 09:59:19.759000,Prueba Colcapirhua,En automovil,Viva,23,ZTE CORPORATION,736010912233332,MF193A
-17.391566,-66.224852,-56,andres,2021-06-28 09:59:08.749000,Prueba Colcapirhua,En automovil,Viva,24,ZTE CORPORATION,736010912233332,MF193A
-17.391502,-66.226287,-52,andres,2021-06-28 09:58:58.742000,Prueba Colcapirhua,En automovil,Viva,28,ZTE CORPORATION,736010912233332,MF193A
-17.391451,-66.227403,-56,andres,2021-06-28 09:58:49.733000,Prueba Colcapirhua,En automovil,Viva,27,ZTE CORPORATION,736010912233332,MF193A
-17.391403,-66.228482,-55,andres,2021-06-28 09:58:40.724000,Prueba Colcapirhua,En automovil,Viva,23,ZTE CORPORATION,736010912233332,MF193A
-17.391363,-66.229532,-62,andres,2021-06-28 09:58:31.709000,Prueba Colcapirhua,En automovil,Viva,22,ZTE CORPORATION,736010912233332,MF193A
-17.391334,-66.230426,-72,andres,2021-06-28 09:58:21.693000,Prueba Colcapirhua,En automovil,Viva,18,ZTE CORPORATION,736010912233332,MF193A
-17.391305,-66.230893,-66,andres,2021-06-28 09:58:12.675000,Prueba Colcapirhua,En automovil,Viva,17,ZTE CORPORATION,736010912233332,MF193A
-17.391281,-66.231358,-74,andres,2021-06-28 09:58:01.717000,Prueba Colcapirhua,En automovil,Viva,13,ZTE CORPORATION,736010912233332,MF193A
-17.391185,-66.233613,-70,andres,2021-06-28 09:57:49.223000,Prueba Colcapirhua,En automovil,Viva,14,ZTE CORPORATION,736010912233332,MF193A
-17.391055,-66.236664,-68,andres,2021-06-28 09:57:24.679000,Prueba Colcapirhua,En automovil,Viva,18,ZTE CORPORATION,736010912233332,MF193A
-17.391011,-66.237775,-70,andres,2021-06-28 09:57:16.674000,Prueba Colcapirhua,En automovil,Viva,18,ZTE CORPORATION,736010912233332,MF193A
-17.391024,-66.238692,-69,andres,2021-06-28 09:57:07.670000,Prueba Colcapirhua,En automovil,Viva,12,ZTE CORPORATION,736010912233332,MF193A
-17.39097,-66.238994,-73,andres,2021-06-28 09:56:58.675000,Prueba Colcapirhua,En automovil,Viva,15,ZTE CORPORATION,736010912233332,MF193A
-17.390967,-66.239004,-78,andres,2021-06-28 09:56:49.683000,Prueba Colcapirhua,En automovil,Viva,15,ZTE CORPORATION,736010912233332,MF193A
-17.390927,-66.239341,-73,andres,2021-06-28 09:56:37.691000,Prueba Colcapirhua,En automovil,Viva,18,ZTE CORPORATION,736010912233332,MF193A
-17.390894,-66.240545,-66,andres,2021-06-28 09:56:27.690000,Prueba Colcapirhua,En automovil,Viva,19,ZTE CORPORATION,736010912233332,MF193A
-17.390885,-66.241897,-74,andres,2021-06-28 09:56:18.702000,Prueba Colcapirhua,En automovil,Viva,15,ZTE CORPORATION,736010912233332,MF193A
-17.390915,-66.243664,-75,andres,2021-06-28 09:56:05.721000,Prueba Colcapirhua,En automovil,Viva,13,ZTE CORPORATION,736010912233332,MF193A
-17.39099,-66.244377,-78,andres,2021-06-28 09:55:56.727000,Prueba Colcapirhua,En automovil,Viva,15,ZTE CORPORATION,736010912233332,MF193A
-17.390726,-66.244556,-75,andres,2021-06-28 09:55:47.720000,Prueba Colcapirhua,En automovil,Viva,12,ZTE CORPORATION,736010912233332,MF193A
-17.390503,-66.244501,-77,andres,2021-06-28 09:55:32.717000,Prueba Colcapirhua,En automovil,Viva,14,ZTE CORPORATION,736010912233332,MF193A
-17.390139,-66.244502,-79,andres,2021-06-28 09:55:21.719000,Prueba Colcapirhua,En automovil,Viva,14,ZTE CORPORATION,736010912233332,MF193A
-17.389316,-66.244366,-78,andres,2021-06-28 09:45:15.625000,Test 1 Colcapirhua,En automovil,Viva,14,ZTE CORPORATION,736010912233332,MF193A
-17.389154,-66.244441,-76,andres,2021-06-28 09:44:58.627000,Test 1 Colcapirhua,En automovil,Viva,14,ZTE CORPORATION,736010912233332,MF193A
-17.38908,-66.244245,-75,andres,2021-06-28 09:44:49.629000,Test 1 Colcapirhua,En automovil,Viva,15,ZTE CORPORATION,736010912233332,MF193A
-17.389049,-66.243714,-67,andres,2021-06-28 09:44:33.627000,Test 1 Colcapirhua,En automovil,Viva,16,ZTE CORPORATION,736010912233332,MF193A
-17.389283,-66.243617,-70,andres,2021-06-28 09:44:24.629000,Test 1 Colcapirhua,En automovil,Viva,17,ZTE CORPORATION,736010912233332,MF193A
-17.389744,-66.243565,-71,andres,2021-06-28 09:44:16.632000,Test 1 Colcapirhua,En automovil,Viva,17,ZTE CORPORATION,736010912233332,MF193A
-17.39021,-66.243547,-75,andres,2021-06-28 09:44:05.632000,Test 1 Colcapirhua,En automovil,Viva,15,ZTE CORPORATION,736010912233332,MF193A
-17.390527,-66.243602,-71,andres,2021-06-28 09:43:57.638000,Test 1 Colcapirhua,En automovil,Viva,18,ZTE CORPORATION,736010912233332,MF193A
-17.390819,-66.243794,-74,andres,2021-06-28 09:43:46.639000,Test 1 Colcapirhua,En automovil,Viva,18,ZTE CORPORATION,736010912233332,MF193A
-17.39098,-66.243971,-77,andres,2021-06-28 09:43:36.640000,Test 1 Colcapirhua,En automovil,Viva,16,ZTE CORPORATION,736010912233332,MF193A
-17.390901,-66.245261,-70,andres,2021-06-28 09:43:10.656000,Test 1 Quillacollo,En automovil,Viva,14,ZTE CORPORATION,736010912233332,MF193A
-17.39095,-66.246626,-80,andres,2021-06-28 09:42:58.669000,Test 1 Quillacollo,En automovil,Viva,18,ZTE CORPORATION,736010912233332,MF193A
-17.391058,-66.248906,-65,andres,2021-06-28 09:42:49.241000,Test 1 Quillacollo,En automovil,Viva,20,ZTE CORPORATION,736010912233332,MF193A
-17.391293,-66.252013,-71,andres,2021-06-28 09:42:21.710000,Test 1 Quillacollo,En automovil,Viva,16,ZTE CORPORATION,736010912233332,MF193A
-17.391421,-66.253276,-73,andres,2021-06-28 09:42:12.724000,Test 1 Quillacollo,En automovil,Viva,17,ZTE CORPORATION,736010912233332,MF193A
-17.391537,-66.254409,-70,andres,2021-06-28 09:42:04.747000,Test 1 Quillacollo,En automovil,Viva,22,ZTE CORPORATION,736010912233332,MF193A
-17.391659,-66.255645,-66,andres,2021-06-28 09:41:55.776000,Test 1 Quillacollo,En automovil,Viva,18,ZTE CORPORATION,736010912233332,MF193A
-17.391772,-66.256823,-69,andres,2021-06-28 09:41:46.813000,Test 1 Quillacollo,En automovil,Viva,19,ZTE CORPORATION,736010912233332,MF193A
-17.391879,-66.257811,-72,andres,2021-06-28 09:41:37.855000,Test 1 Quillacollo,En automovil,Viva,22,ZTE CORPORATION,736010912233332,MF193A
-17.392027,-66.259265,-61,andres,2021-06-28 09:41:27.534000,Test 1 Quillacollo,En automovil,Viva,20,ZTE CORPORATION,736010912233332,MF193A
-17.392115,-66.260115,-65,andres,2021-06-28 09:41:16.841000,Test 1 Quillacollo,En automovil,Viva,18,ZTE CORPORATION,736010912233332,MF193A
-17.39215,-66.260495,-76,andres,2021-06-28 09:41:08.838000,Test 1 Quillacollo,En automovil,Viva,17,ZTE CORPORATION,736010912233332,MF193A
-17.392144,-66.260524,-70,andres,2021-06-28 09:40:56.836000,Test 1 Quillacollo,En automovil,Viva,18,ZTE CORPORATION,736010912233332,MF193A
-17.39214,-66.260529,-73,andres,2021-06-28 09:40:48.837000,Test 1 Quillacollo,En automovil,Viva,19,ZTE CORPORATION,736010912233332,MF193A
-17.392137,-66.260554,-70,andres,2021-06-28 09:40:40.827000,Test 1 Quillacollo,En automovil,Viva,19,ZTE CORPORATION,736010912233332,MF193A
-17.3922,-66.261303,-79,andres,2021-06-28 09:40:29.852000,Test 1 Quillacollo,En automovil,Viva,7,ZTE CORPORATION,736010912233332,MF193A
-17.392311,-66.262514,-78,andres,2021-06-28 09:40:21.829000,Test 1 Quillacollo,En automovil,Viva,5,ZTE CORPORATION,736010912233332,MF193A
-17.392445,-66.263826,-77,andres,2021-06-28 09:40:13.818000,Test 1 Quillacollo,En automovil,Viva,15,ZTE CORPORATION,736010912233332,MF193A
-17.392652,-66.265702,-75,andres,2021-06-28 09:40:02.816000,Test 1 Quillacollo,En automovil,Viva,16,ZTE CORPORATION,736010912233332,MF193A
-17.39278,-66.266997,-79,andres,2021-06-28 09:39:54.817000,Test 1 Quillacollo,En automovil,Viva,17,ZTE CORPORATION,736010912233332,MF193A
-17.39293,-66.268521,-64,andres,2021-06-28 09:39:44.807000,Test 1 Quillacollo,En automovil,Viva,20,ZTE CORPORATION,736010912233332,MF193A
-17.393035,-66.269626,-58,andres,2021-06-28 09:39:35.797000,Test 1 Quillacollo,En automovil,Viva,28,ZTE CORPORATION,736010912233332,MF193A
-17.393117,-66.270251,-64,andres,2021-06-28 09:39:27.799000,Test 1 Quillacollo,En automovil,Viva,22,ZTE CORPORATION,736010912233332,MF193A
-17.393167,-66.270518,-71,andres,2021-06-28 09:39:19.795000,Test 1 Quillacollo,En automovil,Viva,18,ZTE CORPORATION,736010912233332,MF193A
-17.393179,-66.270564,-74,andres,2021-06-28 09:39:11.792000,Test 1 Quillacollo,En automovil,Viva,19,ZTE CORPORATION,736010912233332,MF193A
-17.393207,-66.270743,-67,andres,2021-06-28 09:39:02.785000,Test 1 Quillacollo,En automovil,Viva,16,ZTE CORPORATION,736010912233332,MF193A
-17.393313,-66.271915,-63,andres,2021-06-28 09:38:50.777000,Test 1 Quillacollo,En automovil,Viva,23,ZTE CORPORATION,736010912233332,MF193A
-17.393471,-66.272681,-58,andres,2021-06-28 09:38:42.773000,Test 1 Quillacollo,En automovil,Viva,21,ZTE CORPORATION,736010912233332,MF193A
-17.39355,-66.273581,-77,andres,2021-06-28 09:38:32.806000,Test 1 Quillacollo,En automovil,Viva,15,ZTE CORPORATION,736010912233332,MF193A
-17.393656,-66.274509,-68,andres,2021-06-28 09:38:21.774000,Test 1 Quillacollo,En automovil,Viva,20,ZTE CORPORATION,736010912233332,MF193A
-17.393729,-66.275116,-65,andres,2021-06-28 09:38:12.756000,Test 1 Quillacollo,En automovil,Viva,21,ZTE CORPORATION,736010912233332,MF193A
-17.393752,-66.27554,-71,andres,2021-06-28 09:38:04.755000,Test 1 Quillacollo,En automovil,Viva,17,ZTE CORPORATION,736010912233332,MF193A
-17.393851,-66.27654,-84,andres,2021-06-28 09:37:54.753000,Test 1 Quillacollo,En automovil,Viva,16,ZTE CORPORATION,736010912233332,MF193A
-17.393938,-66.27752,-68,andres,2021-06-28 09:37:45.739000,Test 1 Quillacollo,En automovil,Viva,20,ZTE CORPORATION,736010912233332,MF193A
-17.393977,-66.278122,-69,andres,2021-06-28 09:37:36.734000,Test 1 Quillacollo,En automovil,Viva,21,ZTE CORPORATION,736010912233332,MF193A
-17.393789,-66.278192,-64,andres,2021-06-28 09:37:24.720000,Test 1 Quillacollo,En automovil,Viva,24,ZTE CORPORATION,736010912233332,MF193A
-17.393558,-66.278098,-61,andres,2021-06-28 09:37:15.719000,Test 1 Quillacollo,En automovil,Viva,25,ZTE CORPORATION,736010912233332,MF193A
-17.393548,-66.278101,-60,andres,2021-06-28 09:36:58.736000,Test 1 Quillacollo,En automovil,Viva,23,ZTE CORPORATION,736010912233332,MF193A
-17.392823,-66.278063,-66,andres,2021-06-28 09:36:49.268000,Test 1 Quillacollo,En automovil,Viva,21,ZTE CORPORATION,736010912233332,MF193A
-17.391536,-66.277459,-71,andres,2021-06-28 09:36:24.711000,Test 1 Quillacollo,En automovil,Viva,18,ZTE CORPORATION,736010912233332,MF193A
-17.391153,-66.27715,-70,andres,2021-06-28 09:36:15.717000,Test 1 Quillacollo,En automovil,Viva,19,ZTE CORPORATION,736010912233332,MF193A
-17.390766,-66.277082,-79,andres,2021-06-28 09:36:04.699000,Test 1 Quillacollo,En automovil,Viva,17,ZTE CORPORATION,736010912233332,MF193A
-17.390197,-66.277047,-71,andres,2021-06-28 09:35:55.701000,Test 1 Quillacollo,En automovil,Viva,18,ZTE CORPORATION,736010912233332,MF193A
-17.389667,-66.277046,-75,andres,2021-06-28 09:35:47.706000,Test 1 Quillacollo,En automovil,Viva,15,ZTE CORPORATION,736010912233332,MF193A
-17.389072,-66.277052,-72,andres,2021-06-28 09:35:38.706000,Test 1 Quillacollo,En automovil,Viva,19,ZTE CORPORATION,736010912233332,MF193A
-17.388876,-66.277061,-69,andres,2021-06-28 09:35:29.708000,Test 1 Quillacollo,En automovil,Viva,19,ZTE CORPORATION,736010912233332,MF193A
-17.388852,-66.277079,-71,andres,2021-06-28 09:35:20.708000,Test 1 Quillacollo,En automovil,Viva,19,ZTE CORPORATION,736010912233332,MF193A
-17.388821,-66.277091,-70,andres,2021-06-28 09:35:06.744000,Test 1 Quillacollo,En automovil,Viva,14,ZTE CORPORATION,736010912233332,MF193A
-17.388346,-66.277074,-79,andres,2021-06-28 09:34:56.697000,Test 1 Quillacollo,En automovil,Viva,16,ZTE CORPORATION,736010912233332,MF193A
-17.387068,-66.277066,-83,andres,2021-06-28 09:34:44.732000,Test 1 Quillacollo,En automovil,Viva,9,ZTE CORPORATION,736010912233332,MF193A
-17.386442,-66.277102,-78,andres,2021-06-28 09:34:33.695000,Test 1 Quillacollo,En automovil,Viva,13,ZTE CORPORATION,736010912233332,MF193A
-17.386135,-66.277098,-87,andres,2021-06-28 09:34:15.694000,Test 1 Quillacollo,En automovil,Viva,9,ZTE CORPORATION,736010912233332,MF193A
-17.385514,-66.277108,-80,andres,2021-06-28 09:34:07.693000,Test 1 Quillacollo,En automovil,Viva,12,ZTE CORPORATION,736010912233332,MF193A
-17.384544,-66.277116,-82,andres,2021-06-28 09:33:55.689000,Test 1 Quillacollo,En automovil,Viva,14,ZTE CORPORATION,736010912233332,MF193A
-17.38354,-66.277424,-72,andres,2021-06-28 09:33:46.142000,Test 1 Quillacollo,En automovil,Viva,11,ZTE CORPORATION,736010912233332,MF193A
-17.382495,-66.277694,-83,andres,2021-06-28 09:33:28.586000,Test 1 Quillacollo,En automovil,Viva,10,ZTE CORPORATION,736010912233332,MF193A
-17.381774,-66.277879,-80,andres,2021-06-28 09:33:16.590000,Test 1 Quillacollo,En automovil,Viva,11,ZTE CORPORATION,736010912233332,MF193A
-17.3811,-66.277909,-83,andres,2021-06-28 09:33:06.606000,Test 1 Quillacollo,En automovil,Viva,13,ZTE CORPORATION,736010912233332,MF193A
-17.380339,-66.277931,-85,andres,2021-06-28 09:32:55.590000,Test 1 Quillacollo,En automovil,Viva,12,ZTE CORPORATION,736010912233332,MF193A
-17.379701,-66.277955,-78,andres,2021-06-28 09:32:46.595000,Test 1 Quillacollo,En automovil,Viva,12,ZTE CORPORATION,736010912233332,MF193A
-17.379449,-66.277959,-79,andres,2021-06-28 09:32:37.600000,Test 1 Quillacollo,En automovil,Viva,14,ZTE CORPORATION,736010912233332,MF193A
-17.379257,-66.277965,-79,andres,2021-06-28 09:32:27.598000,Test 1 Quillacollo,En automovil,Viva,13,ZTE CORPORATION,736010912233332,MF193A
-17.378706,-66.277991,-85,andres,2021-06-28 09:32:18.606000,Test 1 Quillacollo,En automovil,Viva,11,ZTE CORPORATION,736010912233332,MF193A
-17.377595,-66.278039,-76,andres,2021-06-28 09:32:04.604000,Test 1 Quillacollo,En automovil,Viva,12,ZTE CORPORATION,736010912233332,MF193A
-17.376559,-66.278081,-87,andres,2021-06-28 09:31:51.605000,Test 1 Quillacollo,En automovil,Viva,8,ZTE CORPORATION,736010912233332,MF193A
-17.375779,-66.278006,-87,andres,2021-06-28 09:31:32.608000,Test 1 Quillacollo,En automovil,Viva,7,ZTE CORPORATION,736010912233332,MF193A
-17.375115,-66.277918,-88,andres,2021-06-28 09:31:20.611000,Test 1 Quillacollo,En automovil,Viva,10,ZTE CORPORATION,736010912233332,MF193A
-17.374818,-66.277872,-87,andres,2021-06-28 09:31:11.609000,Test 1 Quillacollo,En automovil,Viva,8,ZTE CORPORATION,736010912233332,MF193A
-17.374566,-66.277844,-87,andres,2021-06-28 09:31:02.614000,Test 1 Quillacollo,En automovil,Viva,11,ZTE CORPORATION,736010912233332,MF193A
-17.372578,-66.277499,-86,andres,2021-06-28 09:30:48.159000,Test 1 Quillacollo,En automovil,Viva,10,ZTE CORPORATION,736010912233332,MF193A
-17.370552,-66.27715,-85,andres,2021-06-28 09:30:20.630000,Test 1 Quillacollo,En automovil,Viva,10,ZTE CORPORATION,736010912233332,MF193A
-17.370056,-66.277065,-84,andres,2021-06-28 09:30:12.626000,Test 1 Quillacollo,En automovil,Viva,9,ZTE CORPORATION,736010912233332,MF193A
-17.369628,-66.276976,-86,andres,2021-06-28 09:29:57.652000,Test 1 Quillacollo,En automovil,Viva,10,ZTE CORPORATION,736010912233332,MF193A
-17.368416,-66.276772,-86,andres,2021-06-28 09:29:42.646000,Test 1 Quillacollo,En automovil,Viva,9,ZTE CORPORATION,736010912233332,MF193A
-17.367467,-66.276629,-90,andres,2021-06-28 09:29:32.651000,Test 1 Quillacollo,En automovil,Viva,8,ZTE CORPORATION,736010912233332,MF193A
-17.366452,-66.276476,-86,andres,2021-06-28 09:29:19.646000,Test 1 Quillacollo,En automovil,Viva,8,ZTE CORPORATION,736010912233332,MF193A
-17.365971,-66.276348,-90,andres,2021-06-28 09:29:07.653000,Test 1 Quillacollo,En automovil,Viva,8,ZTE CORPORATION,736010912233332,MF193A
-17.36542,-66.276184,-92,andres,2021-06-28 09:28:58.653000,Test 1 Quillacollo,En automovil,Viva,8,ZTE CORPORATION,736010912233332,MF193A
-17.364944,-66.276035,-87,andres,2021-06-28 09:28:47.654000,Test 1 Quillacollo,En automovil,Viva,8,ZTE CORPORATION,736010912233332,MF193A
-17.364547,-66.275914,-91,andres,2021-06-28 09:28:38.656000,Test 1 Quillacollo,En automovil,Viva,8,ZTE CORPORATION,736010912233332,MF193A
-17.364072,-66.275767,-80,andres,2021-06-28 09:28:24.657000,Test 1 Quillacollo,En automovil,Viva,9,ZTE CORPORATION,736010912233332,MF193A
-17.363806,-66.275694,-85,andres,2021-06-28 09:28:15.662000,Test 1 Quillacollo,En automovil,Viva,10,ZTE CORPORATION,736010912233332,MF193A
-17.363328,-66.275607,-85,andres,2021-06-28 09:28:02.662000,Test 1 Quillacollo,En automovil,Viva,10,ZTE CORPORATION,736010912233332,MF193A
-17.362659,-66.275493,-87,andres,2021-06-28 09:27:54.200000,Test 1 Quillacollo,En automovil,Viva,3,ZTE CORPORATION,736010912233332,MF193A
-17.361538,-66.275319,-90,andres,2021-06-28 09:27:23.666000,Test 1 Quillacollo,En automovil,Viva,6,ZTE CORPORATION,736010912233332,MF193A
-17.361069,-66.275261,-85,andres,2021-06-28 09:27:13.661000,Test 1 Quillacollo,En automovil,Viva,7,ZTE CORPORATION,736010912233332,MF193A
-17.360488,-66.275151,-93,andres,2021-06-28 09:27:01.670000,Test 1 Quillacollo,En automovil,Viva,7,ZTE CORPORATION,736010912233332,MF193A
-17.360162,-66.275075,-86,andres,2021-06-28 09:26:53.663000,Test 1 Quillacollo,En automovil,Viva,10,ZTE CORPORATION,736010912233332,MF193A
-17.359854,-66.275057,-83,andres,2021-06-28 09:26:44.674000,Test 1 Quillacollo,En automovil,Viva,11,ZTE CORPORATION,736010912233332,MF193A
-17.359291,-66.275039,-87,andres,2021-06-28 09:26:33.674000,Test 1 Quillacollo,En automovil,Viva,8,ZTE CORPORATION,736010912233332,MF193A
-17.358773,-66.275078,-88,andres,2021-06-28 09:26:24.678000,Test 1 Quillacollo,En automovil,Viva,10,ZTE CORPORATION,736010912233332,MF193A
-17.358238,-66.275041,-84,andres,2021-06-28 09:26:15.682000,Test 1 Quillacollo,En automovil,Viva,14,ZTE CORPORATION,736010912233332,MF193A
-17.357752,-66.274925,-77,andres,2021-06-28 09:26:05.680000,Test 1 Quillacollo,En automovil,Viva,14,ZTE CORPORATION,736010912233332,MF193A
-17.357335,-66.274795,-73,andres,2021-06-28 09:25:55.681000,Test 1 Quillacollo,En automovil,Viva,14,ZTE CORPORATION,736010912233332,MF193A
-17.356859,-66.274587,-72,andres,2021-06-28 09:25:45.684000,Test 1 Quillacollo,En automovil,Viva,17,ZTE CORPORATION,736010912233332,MF193A
-17.356423,-66.274467,-73,andres,2021-06-28 09:25:36.682000,Test 1 Quillacollo,En automovil,Viva,15,ZTE CORPORATION,736010912233332,MF193A
-17.355927,-66.274473,-78,andres,2021-06-28 09:25:28.684000,Test 1 Quillacollo,En automovil,Viva,11,ZTE CORPORATION,736010912233332,MF193A
-17.355318,-66.274328,-84,andres,2021-06-28 09:25:16.680000,Test 1 Quillacollo,En automovil,Viva,12,ZTE CORPORATION,736010912233332,MF193A
-17.354902,-66.27425,-83,andres,2021-06-28 09:25:07.676000,Test 1 Quillacollo,En automovil,Viva,13,ZTE CORPORATION,736010912233332,MF193A
-17.354515,-66.274112,-75,andres,2021-06-28 09:24:58.687000,Test 1 Quillacollo,En automovil,Viva,13,ZTE CORPORATION,736010912233332,MF193A
-17.353623,-66.273461,-82,andres,2021-06-28 09:24:36.676000,Test 1 El Paso,En automovil,Viva,12,ZTE CORPORATION,736010912233332,MF193A
-17.353071,-66.273026,-78,andres,2021-06-28 09:24:22.672000,Test 1 El Paso,En automovil,Viva,15,ZTE CORPORATION,736010912233332,MF193A
-17.352828,-66.272703,-78,andres,2021-06-28 09:24:13.671000,Test 1 El Paso,En automovil,Viva,11,ZTE CORPORATION,736010912233332,MF193A
-17.352451,-66.272458,-84,andres,2021-06-28 09:24:02.665000,Test 1 El Paso,En automovil,Viva,11,ZTE CORPORATION,736010912233332,MF193A
-17.351981,-66.272469,-78,andres,2021-06-28 09:23:52.657000,Test 1 El Paso,En automovil,Viva,16,ZTE CORPORATION,736010912233332,MF193A
-17.35168,-66.272597,-76,andres,2021-06-28 09:23:43.645000,Test 1 El Paso,En automovil,Viva,15,ZTE CORPORATION,736010912233332,MF193A
-17.351321,-66.272705,-71,andres,2021-06-28 09:23:34.650000,Test 1 El Paso,En automovil,Viva,18,ZTE CORPORATION,736010912233332,MF193A
-17.350962,-66.272849,-71,andres,2021-06-28 09:23:21.685000,Test 1 El Paso,En automovil,Viva,15,ZTE CORPORATION,736010912233332,MF193A
-17.350558,-66.272952,-75,andres,2021-06-28 09:23:12.763000,Test 1 El Paso,En automovil,Viva,15,ZTE CORPORATION,736010912233332,MF193A
-17.350289,-66.272525,-75,andres,2021-06-28 09:23:00.735000,Test 1 El Paso,En automovil,Viva,17,ZTE CORPORATION,736010912233332,MF193A
-17.350199,-66.271413,-81,andres,2021-06-28 09:22:38.731000,Test 1 El Paso,En automovil,Viva,13,ZTE CORPORATION,736010912233332,MF193A
-17.350218,-66.271006,-81,andres,2021-06-28 09:22:29.731000,Test 1 El Paso,En automovil,Viva,12,ZTE CORPORATION,736010912233332,MF193A
-17.350229,-66.270473,-77,andres,2021-06-28 09:22:16.742000,Test 1 El Paso,En automovil,Viva,14,ZTE CORPORATION,736010912233332,MF193A
-17.350241,-66.27013,-84,andres,2021-06-28 09:22:02.733000,Test 1 El Paso,En automovil,Viva,14,ZTE CORPORATION,736010912233332,MF193A
-17.35018,-66.269156,-79,andres,2021-06-28 09:21:47.323000,Test 1 El Paso,En automovil,Viva,9,ZTE CORPORATION,736010912233332,MF193A
-17.35015,-66.268605,-84,andres,2021-06-28 09:21:30.746000,Test 1 El Paso,En automovil,Viva,10,ZTE CORPORATION,736010912233332,MF193A
-17.350114,-66.268255,-84,andres,2021-06-28 09:21:21.756000,Test 1 El Paso,En automovil,Viva,10,ZTE CORPORATION,736010912233332,MF193A
-17.34931,-66.268128,-81,andres,2021-06-28 09:20:54.745000,Test 1 El Paso,En automovil,Viva,13,ZTE CORPORATION,736010912233332,MF193A
-17.3488,-66.26813,-78,andres,2021-06-28 09:20:44.753000,Test 1 El Paso,En automovil,Viva,15,ZTE CORPORATION,736010912233332,MF193A
-17.348087,-66.268145,-66,andres,2021-06-28 09:20:00.821000,Test 1 El Paso,En automovil,Viva,20,ZTE CORPORATION,736010912233332,MF193A
-17.347033,-66.268264,-59,andres,2021-06-28 09:19:37.820000,Test 1 El Paso,En automovil,Viva,21,ZTE CORPORATION,736010912233332,MF193A
-17.346376,-66.268355,-63,andres,2021-06-28 09:19:24.818000,Test 1 El Paso,En automovil,Viva,18,ZTE CORPORATION,736010912233332,MF193A
-17.345808,-66.268436,-71,andres,2021-06-28 09:19:12.816000,Test 1 El Paso,En automovil,Viva,19,ZTE CORPORATION,736010912233332,MF193A
-17.345265,-66.268515,-69,andres,2021-06-28 09:18:59.828000,Test 1 El Paso,En automovil,Viva,19,ZTE CORPORATION,736010912233332,MF193A
-17.344482,-66.268434,-61,andres,2021-06-28 09:18:36.807000,Test 1 El Paso,En automovil,Viva,22,ZTE CORPORATION,736010912233332,MF193A
-17.343898,-66.268352,-66,andres,2021-06-28 09:18:27.454000,Test 1 El Paso,En automovil,Viva,23,ZTE CORPORATION,736010912233332,MF193A
-17.343462,-66.26814,-57,andres,2021-06-28 09:18:17.800000,Test 1 El Paso,En automovil,Viva,25,ZTE CORPORATION,736010912233332,MF193A
-17.342267,-66.26739,-54,andres,2021-06-28 09:17:43.795000,Test 1 El Paso,En automovil,Viva,24,ZTE CORPORATION,736010912233332,MF193A
-17.341409,-66.267383,-53,andres,2021-06-28 09:17:27.786000,Test 1 El Paso,En automovil,Viva,24,ZTE CORPORATION,736010912233332,MF193A
-17.341016,-66.267192,-57,andres,2021-06-28 09:17:18.788000,Test 1 El Paso,En automovil,Viva,24,ZTE CORPORATION,736010912233332,MF193A
-17.340515,-66.266993,-52,andres,2021-06-28 09:17:06.788000,Test 1 El Paso,En automovil,Viva,26,ZTE CORPORATION,736010912233332,MF193A
-17.339837,-66.266944,-54,andres,2021-06-28 09:16:43.777000,Test 1 El Paso,En automovil,Viva,23,ZTE CORPORATION,736010912233332,MF193A
-17.339156,-66.266929,-62,andres,2021-06-28 09:16:22.775000,Test 1 El Paso,En automovil,Viva,23,ZTE CORPORATION,736010912233332,MF193A
-17.338586,-66.266923,-58,andres,2021-06-28 09:16:11.772000,Test 1 El Paso,En automovil,Viva,22,ZTE CORPORATION,736010912233332,MF193A
-17.338522,-66.266939,-60,andres,2021-06-28 09:16:02.765000,Test 1 El Paso,En automovil,Viva,20,ZTE CORPORATION,736010912233332,MF193A
-17.338233,-66.266936,-57,andres,2021-06-28 09:15:52.793000,Test 1 El Paso,En automovil,Viva,27,ZTE CORPORATION,736010912233332,MF193A
-17.337796,-66.266903,-62,andres,2021-06-28 09:15:43.766000,Test 1 El Paso,En automovil,Viva,25,ZTE CORPORATION,736010912233332,MF193A
-17.337321,-66.266898,-56,andres,2021-06-28 09:15:30.762000,Test 1 El Paso,En automovil,Viva,26,ZTE CORPORATION,736010912233332,MF193A
-17.336823,-66.266885,-58,andres,2021-06-28 09:15:21.799000,Test 1 El Paso,En automovil,Viva,29,ZTE CORPORATION,736010912233332,MF193A
-17.33644,-66.266868,-53,andres,2021-06-28 09:15:12.758000,Test 1 El Paso,En automovil,Viva,23,ZTE CORPORATION,736010912233332,MF193A
-17.336143,-66.267088,-62,andres,2021-06-28 09:14:53.747000,Test 1 El Paso,En automovil,Viva,23,ZTE CORPORATION,736010912233332,MF193A
-17.336191,-66.267439,-73,andres,2021-06-28 09:14:40.749000,Test 1 El Paso,En automovil,Viva,21,ZTE CORPORATION,736010912233332,MF193A
-17.336206,-66.268256,-66,andres,2021-06-28 09:14:11.742000,Test 1 El Paso,En automovil,Viva,19,ZTE CORPORATION,736010912233332,MF193A
-17.336105,-66.268424,-68,andres,2021-06-28 09:13:48.733000,Test 1 El Paso,En automovil,Viva,22,ZTE CORPORATION,736010912233332,MF193A
-17.336314,-66.268427,-71,andres,2021-06-28 09:13:31.743000,Test 1 El Paso,En automovil,Viva,18,ZTE CORPORATION,736010912233332,MF193A
-17.336904,-66.26842,-81,andres,2021-06-28 09:13:10.725000,Test 1 El Paso,En automovil,Viva,11,ZTE CORPORATION,736010912233332,MF193A
-17.337214,-66.268288,-63,andres,2021-06-28 09:12:57.715000,Test 1 El Paso,En automovil,Viva,18,ZTE CORPORATION,736010912233332,MF193A
-17.337468,-66.267894,-72,andres,2021-06-28 09:12:44.705000,Test 1 El Paso,En automovil,Viva,27,ZTE CORPORATION,736010912233332,MF193A
-17.337712,-66.267145,-56,andres,2021-06-28 09:12:23.707000,Test 1 El Paso,En automovil,Viva,28,ZTE CORPORATION,736010912233332,MF193A
-17.337752,-66.266672,-48,andres,2021-06-28 09:12:12.704000,Test 1 El Paso,En automovil,Viva,24,ZTE CORPORATION,736010912233332,MF193A
-17.337765,-66.266127,-55,andres,2021-06-28 09:12:02.704000,Test 1 El Paso,En automovil,Viva,27,ZTE CORPORATION,736010912233332,MF193A
-17.337792,-66.265485,-55,andres,2021-06-28 09:11:47.707000,Test 1 El Paso,En automovil,Viva,24,ZTE CORPORATION,736010912233332,MF193A
-17.337765,-66.264991,-66,andres,2021-06-28 09:11:34.708000,Test 1 El Paso,En automovil,Viva,18,ZTE CORPORATION,736010912233332,MF193A
-17.337785,-66.264495,-67,andres,2021-06-28 09:11:20.713000,Test 1 El Paso,En automovil,Viva,22,ZTE CORPORATION,736010912233332,MF193A
-17.337768,-66.263855,-53,andres,2021-06-28 09:11:08.712000,Test 1 El Paso,En automovil,Viva,22,ZTE CORPORATION,736010912233332,MF193A
-17.337688,-66.263541,-63,andres,2021-06-28 09:10:59.704000,Test 1 El Paso,En automovil,Viva,21,ZTE CORPORATION,736010912233332,MF193A
-17.337582,-66.26324,-61,andres,2021-06-28 09:10:47.702000,Test 1 El Paso,En automovil,Viva,24,ZTE CORPORATION,736010912233332,MF193A
-17.337288,-66.262874,-56,andres,2021-06-28 09:10:36.720000,Test 1 El Paso,En automovil,Viva,23,ZTE CORPORATION,736010912233332,MF193A
-17.337041,-66.262507,-64,andres,2021-06-28 09:10:25.729000,Test 1 El Paso,En automovil,Viva,20,ZTE CORPORATION,736010912233332,MF193A
-17.336897,-66.262299,-63,andres,2021-06-28 09:10:16.740000,Test 1 El Paso,En automovil,Viva,22,ZTE CORPORATION,736010912233332,MF193A
-17.336686,-66.261951,-66,andres,2021-06-28 09:10:04.740000,Test 1 El Paso,En automovil,Viva,19,ZTE CORPORATION,736010912233332,MF193A
-17.336433,-66.261487,-66,andres,2021-06-28 09:09:46.734000,Test 1 El Paso,En automovil,Viva,20,ZTE CORPORATION,736010912233332,MF193A
-17.336413,-66.261212,-61,andres,2021-06-28 09:09:36.770000,Test 1 El Paso,En automovil,Viva,23,ZTE CORPORATION,736010912233332,MF193A
-17.336396,-66.260737,-62,andres,2021-06-28 09:09:21.732000,Test 1 El Paso,En automovil,Viva,22,ZTE CORPORATION,736010912233332,MF193A
-17.336406,-66.260317,-60,andres,2021-06-28 09:09:08.726000,Test 1 El Paso,En automovil,Viva,24,ZTE CORPORATION,736010912233332,MF193A
-17.336357,-66.259854,-61,andres,2021-06-28 09:08:55.726000,Test 1 El Paso,En automovil,Viva,23,ZTE CORPORATION,736010912233332,MF193A
-17.336321,-66.259426,-62,andres,2021-06-28 09:08:44.718000,Test 1 El Paso,En automovil,Viva,22,ZTE CORPORATION,736010912233332,MF193A
-17.336269,-66.258904,-66,andres,2021-06-28 09:08:32.726000,Test 1 El Paso,En automovil,Viva,21,ZTE CORPORATION,736010912233332,MF193A
-17.336221,-66.258549,-62,andres,2021-06-28 09:08:22.725000,Test 1 El Paso,En automovil,Viva,22,ZTE CORPORATION,736010912233332,MF193A
-17.33611,-66.258066,-69,andres,2021-06-28 09:08:10.724000,Test 1 El Paso,En automovil,Viva,17,ZTE CORPORATION,736010912233332,MF193A
-17.335984,-66.257667,-76,andres,2021-06-28 09:08:00.727000,Test 1 El Paso,En automovil,Viva,13,ZTE CORPORATION,736010912233332,MF193A
-17.335844,-66.257258,-76,andres,2021-06-28 09:07:49.711000,Test 1 El Paso,En automovil,Viva,16,ZTE CORPORATION,736010912233332,MF193A
-17.335753,-66.257021,-74,andres,2021-06-28 09:07:39.717000,Test 1 El Paso,En automovil,Viva,16,ZTE CORPORATION,736010912233332,MF193A
-17.335592,-66.256585,-78,andres,2021-06-28 09:07:29.723000,Test 1 El Paso,En automovil,Viva,15,ZTE CORPORATION,736010912233332,MF193A
-17.335334,-66.256048,-75,andres,2021-06-28 09:07:18.719000,Test 1 El Paso,En automovil,Viva,16,ZTE CORPORATION,736010912233332,MF193A
-17.334818,-66.255386,-79,andres,2021-06-28 09:07:02.696000,Test 1 Tiquipaya,En automovil,Viva,13,ZTE CORPORATION,736010912233332,MF193A
-17.334352,-66.254766,-83,andres,2021-06-28 09:06:51.688000,Test 1 Tiquipaya,En automovil,Viva,7,ZTE CORPORATION,736010912233332,MF193A
-17.333478,-66.253684,-69,andres,2021-06-28 09:06:29.658000,Test 1 Tiquipaya,En automovil,Viva,12,ZTE CORPORATION,736010912233332,MF193A
-17.333269,-66.253373,-85,andres,2021-06-28 09:06:19.661000,Test 1 Tiquipaya,En automovil,Viva,11,ZTE CORPORATION,736010912233332,MF193A
-17.332788,-66.252219,-84,andres,2021-06-28 09:05:55.607000,Test 1 Tiquipaya,En automovil,Viva,13,ZTE CORPORATION,736010912233332,MF193A
-17.332541,-66.251566,-80,andres,2021-06-28 09:05:43.613000,Test 1 Tiquipaya,En automovil,Viva,14,ZTE CORPORATION,736010912233332,MF193A
-17.332234,-66.250579,-73,andres,2021-06-28 09:05:24.623000,Test 1 Tiquipaya,En automovil,Viva,12,ZTE CORPORATION,736010912233332,MF193A
-17.331988,-66.250131,-85,andres,2021-06-28 09:05:15.625000,Test 1 Tiquipaya,En automovil,Viva,7,ZTE CORPORATION,736010912233332,MF193A
-17.331545,-66.249824,-87,andres,2021-06-28 09:05:04.636000,Test 1 Tiquipaya,En automovil,Viva,5,ZTE CORPORATION,736010912233332,MF193A
-17.331267,-66.249605,-87,andres,2021-06-28 09:04:51.645000,Test 1 Tiquipaya,En automovil,Viva,8,ZTE CORPORATION,736010912233332,MF193A
-17.330881,-66.249192,-89,andres,2021-06-28 09:04:42.648000,Test 1 Tiquipaya,En automovil,Viva,6,ZTE CORPORATION,736010912233332,MF193A
-17.330474,-66.248766,-96,andres,2021-06-28 09:04:33.655000,Test 1 Tiquipaya,En automovil,Viva,3,ZTE CORPORATION,736010912233332,MF193A
-17.329758,-66.248051,-88,andres,2021-06-28 09:04:21.700000,Test 1 Tiquipaya,En automovil,Viva,7,ZTE CORPORATION,736010912233332,MF193A
-17.328989,-66.247212,-86,andres,2021-06-28 09:04:07.722000,Test 1 Tiquipaya,En automovil,Viva,8,ZTE CORPORATION,736010912233332,MF193A
-17.328723,-66.2467,-85,andres,2021-06-28 09:03:57.360000,Test 1 Tiquipaya,En automovil,Viva,9,ZTE CORPORATION,736010912233332,MF193A
-17.328679,-66.246534,-88,andres,2021-06-28 09:03:21.906000,Test 1 Tiquipaya,En automovil,Viva,7,ZTE CORPORATION,736010912233332,MF193A
-17.328649,-66.24647,-83,andres,2021-06-28 09:03:08.890000,Test 1 Tiquipaya,En automovil,Viva,11,ZTE CORPORATION,736010912233332,MF193A
-17.328667,-66.246222,-54,andres,2021-06-28 09:02:20.910000,Test 1 Tiquipaya,En automovil,Viva,30,ZTE CORPORATION,736010912233332,MF193A
-17.328712,-66.245992,-52,andres,2021-06-28 09:02:11.902000,Test 1 Tiquipaya,En automovil,Viva,31,ZTE CORPORATION,736010912233332,MF193A
-17.328795,-66.245356,-49,andres,2021-06-28 09:02:01.892000,Test 1 Tiquipaya,En automovil,Viva,28,ZTE CORPORATION,736010912233332,MF193A
-17.328903,-66.244599,-46,andres,2021-06-28 09:01:51.930000,Test 1 Tiquipaya,En automovil,Viva,28,ZTE CORPORATION,736010912233332,MF193A
-17.328969,-66.244119,-48,andres,2021-06-28 09:01:42.895000,Test 1 Tiquipaya,En automovil,Viva,31,ZTE CORPORATION,736010912233332,MF193A
-17.32901,-66.243724,-46,andres,2021-06-28 09:01:29.888000,Test 1 Tiquipaya,En automovil,Viva,32,ZTE CORPORATION,736010912233332,MF193A
-17.329228,-66.24262,-90,andres,2021-06-28 09:00:57.883000,Test 1 Tiquipaya,En automovil,Viva,5,ZTE CORPORATION,736010912233332,MF193A
-17.329275,-66.242347,-84,andres,2021-06-28 09:00:45.881000,Test 1 Tiquipaya,En automovil,Viva,30,ZTE CORPORATION,736010912233332,MF193A
-17.329503,-66.241841,-47,andres,2021-06-28 09:00:27.518000,Test 1 Tiquipaya,En automovil,Viva,26,ZTE CORPORATION,736010912233332,MF193A
-17.329533,-66.24177,-94,andres,2021-06-28 08:58:57.883000,Test 1 Tiquipaya,En automovil,Viva,4,ZTE CORPORATION,736010912233332,MF193A
-17.329531,-66.241767,-94,andres,2021-06-28 08:58:47.868000,Test 1 Tiquipaya,En automovil,Viva,1,ZTE CORPORATION,736010912233332,MF193A
-17.329524,-66.241769,-242,andres,2021-06-28 08:58:33.861000,Test 1 Tiquipaya,En automovil,Viva,1,ZTE CORPORATION,736010912233332,MF193A
-17.329624,-66.241643,-47,andres,2021-06-28 08:52:51.492000,Test 1 Tiquipaya,En automovil,Viva,32,ZTE CORPORATION,736010912233332,MF193A
-17.329615,-66.241636,-89,andres,2021-06-28 08:49:19.791000,Test 1 Tiquipaya,En automovil,Viva,1,ZTE CORPORATION,736010912233332,MF193A
-17.330458,-66.240477,-93,andres,2021-06-28 08:48:36.773000,Test 1 Tiquipaya,En automovil,Viva,5,ZTE CORPORATION,736010912233332,MF193A
-17.330887,-66.240475,-90,andres,2021-06-28 08:48:27.418000,Test 1 Tiquipaya,En automovil,Viva,5,ZTE CORPORATION,736010912233332,MF193A
-17.332504,-66.237793,-82,andres,2021-06-28 08:47:22.773000,Test 1 Tiquipaya,En automovil,Viva,8,ZTE CORPORATION,736010912233332,MF193A
-17.332841,-66.237366,-91,andres,2021-06-28 08:47:12.812000,Test 1 Tiquipaya,En automovil,Viva,9,ZTE CORPORATION,736010912233332,MF193A
-17.333606,-66.237505,-88,andres,2021-06-28 08:46:41.765000,Test 1 Tiquipaya,En automovil,Viva,9,ZTE CORPORATION,736010912233332,MF193A
-17.333948,-66.237594,-82,andres,2021-06-28 08:46:32.767000,Test 1 Tiquipaya,En automovil,Viva,12,ZTE CORPORATION,736010912233332,MF193A
-17.334274,-66.237699,-81,andres,2021-06-28 08:46:23.762000,Test 1 Tiquipaya,En automovil,Viva,12,ZTE CORPORATION,736010912233332,MF193A
-17.334847,-66.237848,-84,andres,2021-06-28 08:46:09.756000,Test 1 Tiquipaya,En automovil,Viva,11,ZTE CORPORATION,736010912233332,MF193A
-17.335202,-66.237942,-83,andres,2021-06-28 08:45:59.756000,Test 1 Tiquipaya,En automovil,Viva,10,ZTE CORPORATION,736010912233332,MF193A
-17.335624,-66.238066,-86,andres,2021-06-28 08:45:50.755000,Test 1 Tiquipaya,En automovil,Viva,12,ZTE CORPORATION,736010912233332,MF193A
-17.335983,-66.238156,-79,andres,2021-06-28 08:45:40.755000,Test 1 Tiquipaya,En automovil,Viva,12,ZTE CORPORATION,736010912233332,MF193A
-17.336804,-66.238372,-80,andres,2021-06-28 08:45:21.760000,Test 1 Tiquipaya,En automovil,Viva,16,ZTE CORPORATION,736010912233332,MF193A
-17.337201,-66.238448,-79,andres,2021-06-28 08:45:10.753000,Test 1 Tiquipaya,En automovil,Viva,12,ZTE CORPORATION,736010912233332,MF193A
-17.337255,-66.23815,-84,andres,2021-06-28 08:44:51.750000,Test 1 Tiquipaya,En automovil,Viva,12,ZTE CORPORATION,736010912233332,MF193A
-17.337042,-66.237509,-85,andres,2021-06-28 08:44:36.764000,Test 1 Tiquipaya,En automovil,Viva,10,ZTE CORPORATION,736010912233332,MF193A
-17.3369,-66.237025,-88,andres,2021-06-28 08:44:27.395000,Test 1 Tiquipaya,En automovil,Viva,9,ZTE CORPORATION,736010912233332,MF193A
-17.336794,-66.236614,-90,andres,2021-06-28 08:44:14.745000,Test 1 Tiquipaya,En automovil,Viva,10,ZTE CORPORATION,736010912233332,MF193A
-17.336617,-66.236176,-87,andres,2021-06-28 08:44:02.743000,Test 1 Tiquipaya,En automovil,Viva,10,ZTE CORPORATION,736010912233332,MF193A
-17.336513,-66.235446,-82,andres,2021-06-28 08:43:42.750000,Test 1 Tiquipaya,En automovil,Viva,9,ZTE CORPORATION,736010912233332,MF193A
-17.336448,-66.234883,-85,andres,2021-06-28 08:43:31.749000,Test 1 Tiquipaya,En automovil,Viva,9,ZTE CORPORATION,736010912233332,MF193A
-17.336391,-66.234512,-89,andres,2021-06-28 08:43:21.757000,Test 1 Tiquipaya,En automovil,Viva,7,ZTE CORPORATION,736010912233332,MF193A
-17.336333,-66.234022,-82,andres,2021-06-28 08:43:09.741000,Test 1 Tiquipaya,En automovil,Viva,12,ZTE CORPORATION,736010912233332,MF193A
-17.336327,-66.233721,-79,andres,2021-06-28 08:43:00.742000,Test 1 Tiquipaya,En automovil,Viva,12,ZTE CORPORATION,736010912233332,MF193A
-17.336339,-66.233275,-82,andres,2021-06-28 08:42:52.742000,Test 1 Tiquipaya,En automovil,Viva,11,ZTE CORPORATION,736010912233332,MF193A
-17.336325,-66.23271,-82,andres,2021-06-28 08:42:43.735000,Test 1 Tiquipaya,En automovil,Viva,12,ZTE CORPORATION,736010912233332,MF193A
-17.336301,-66.232217,-83,andres,2021-06-28 08:42:35.731000,Test 1 Tiquipaya,En automovil,Viva,11,ZTE CORPORATION,736010912233332,MF193A
-17.336249,-66.231566,-84,andres,2021-06-28 08:42:27.365000,Test 1 Tiquipaya,En automovil,Viva,14,ZTE CORPORATION,736010912233332,MF193A
-17.336205,-66.231065,-78,andres,2021-06-28 08:42:17.720000,Test 1 Tiquipaya,En automovil,Viva,17,ZTE CORPORATION,736010912233332,MF193A
-17.336114,-66.23051,-73,andres,2021-06-28 08:42:07.732000,Test 1 Tiquipaya,En automovil,Viva,19,ZTE CORPORATION,736010912233332,MF193A
-17.336064,-66.229892,-73,andres,2021-06-28 08:41:49.705000,Test 1 Tiquipaya,En automovil,Viva,20,ZTE CORPORATION,736010912233332,MF193A
-17.336145,-66.229187,-75,andres,2021-06-28 08:41:28.632000,Test 1 Tiquipaya,En automovil,Viva,19,ZTE CORPORATION,736010912233332,MF193A
-17.337073,-66.226868,-69,andres,2021-06-28 08:40:53.640000,Prueba 1 Tiquipaya,En automovil,Viva,21,ZTE CORPORATION,736010912233332,MF193A
-17.33719,-66.226493,-57,andres,2021-06-28 08:40:43.648000,Prueba 1 Tiquipaya,En automovil,Viva,25,ZTE CORPORATION,736010912233332,MF193A
-17.333988,-66.226219,-61,andres,2021-06-28 08:39:29.718000,Prueba 1 Tiquipaya,En automovil,Viva,23,ZTE CORPORATION,736010912233332,MF193A
-17.33376,-66.226397,-64,andres,2021-06-28 08:39:17.739000,Prueba 1 Tiquipaya,En automovil,Viva,23,ZTE CORPORATION,736010912233332,MF193A
-17.333644,-66.226588,-66,andres,2021-06-28 08:39:08.747000,Prueba 1 Tiquipaya,En automovil,Viva,20,ZTE CORPORATION,736010912233332,MF193A
-17.333615,-66.226603,-67,andres,2021-06-28 08:38:50.743000,Prueba 1 Tiquipaya,En automovil,Viva,21,ZTE CORPORATION,736010912233332,MF193A
-17.333303,-66.226644,-70,andres,2021-06-28 08:38:40.747000,Prueba 1 Tiquipaya,En automovil,Viva,20,ZTE CORPORATION,736010912233332,MF193A
-17.333072,-66.226439,-62,andres,2021-06-28 08:38:28.740000,Prueba 1 Tiquipaya,En automovil,Viva,25,ZTE CORPORATION,736010912233332,MF193A
-17.333101,-66.226189,-55,andres,2021-06-28 08:38:17.752000,Prueba 1 Tiquipaya,En automovil,Viva,25,ZTE CORPORATION,736010912233332,MF193A
-17.333213,-66.226112,-59,andres,2021-06-28 08:38:07.755000,Prueba 1 Tiquipaya,En automovil,Viva,24,ZTE CORPORATION,736010912233332,MF193A
-17.333497,-66.226124,-60,andres,2021-06-28 08:37:58.761000,Prueba 1 Tiquipaya,En automovil,Viva,23,ZTE CORPORATION,736010912233332,MF193A
-17.333854,-66.226138,-54,andres,2021-06-28 08:37:48.767000,Prueba 1 Tiquipaya,En automovil,Viva,27,ZTE CORPORATION,736010912233332,MF193A
-17.334179,-66.226161,-58,andres,2021-06-28 08:37:38.783000,Prueba 1 Tiquipaya,En automovil,Viva,25,ZTE CORPORATION,736010912233332,MF193A
-17.334795,-66.226178,-57,andres,2021-06-28 08:37:23.807000,Prueba 1 Tiquipaya,En automovil,Viva,25,ZTE CORPORATION,736010912233332,MF193A
-17.335084,-66.226185,-54,andres,2021-06-28 08:37:14.832000,Prueba 1 Tiquipaya,En automovil,Viva,27,ZTE CORPORATION,736010912233332,MF193A
-17.335527,-66.226207,-59,andres,2021-06-28 08:37:05.830000,Prueba 1 Tiquipaya,En automovil,Viva,22,ZTE CORPORATION,736010912233332,MF193A
-17.335832,-66.225924,-68,andres,2021-06-28 08:36:55.837000,Prueba 1 Tiquipaya,En automovil,Viva,22,ZTE CORPORATION,736010912233332,MF193A
-17.336062,-66.225135,-66,andres,2021-06-28 08:36:45.829000,Prueba 1 Tiquipaya,En automovil,Viva,20,ZTE CORPORATION,736010912233332,MF193A
-17.336156,-66.224767,-74,andres,2021-06-28 08:36:36.819000,Prueba 1 Tiquipaya,En automovil,Viva,15,ZTE CORPORATION,736010912233332,MF193A
-17.336536,-66.223237,-71,andres,2021-06-28 08:35:48.338000,Prueba 1 Tiquipaya,En automovil,Viva,16,ZTE CORPORATION,736010912233332,MF193A
